{
  "version": "5.3.0",
  "flags": {},
  "shapes": [
    {
      "label": "front",
      "points": [
        [
          359.2372881355932,
          122.96610169491524
        ],
        [
          753.3050847457628,
          180.59322033898303
        ],
        [
          716.8644067796611,
          517.0338983050848
        ],
        [
          232.1186440677966,
          450.08474576271186
        ]
      ],
      "group_id": null,
      "description": "",
      "shape_type": "polygon",
      "flags": {}
    }
  ],
  "imagePath": "103.jpg",
  "imageData": null,
  "imageHeight": 540,
  "imageWidth": 960
}