{
  "version": "5.3.0",
  "flags": {},
  "shapes": [
    {
      "label": "front",
      "points": [
        [
          187.20338983050846,
          42.45762711864405
        ],
        [
          549.0677966101696,
          41.610169491525404
        ],
        [
          547.3728813559322,
          531.4406779661017
        ],
        [
          210.08474576271186,
          447.5423728813559
        ]
      ],
      "group_id": null,
      "description": "",
      "shape_type": "polygon",
      "flags": {}
    }
  ],
  "imagePath": "1188.jpg",
  "imageData": null,
  "imageHeight": 540,
  "imageWidth": 960
}