{
  "version": "5.3.0",
  "flags": {},
  "shapes": [
    {
      "label": "back",
      "points": [
        [
          689.7457627118645,
          120.42372881355931
        ],
        [
          650.7627118644068,
          479.74576271186436
        ],
        [
          230.4237288135593,
          439.06779661016947
        ],
        [
          168.5593220338983,
          72.96610169491524
        ]
      ],
      "group_id": null,
      "description": "",
      "shape_type": "polygon",
      "flags": {}
    }
  ],
  "imagePath": "1211.jpg",
  "imageData": null,
  "imageHeight": 540,
  "imageWidth": 960
}