{
  "version": "5.3.0",
  "flags": {},
  "shapes": [
    {
      "label": "back",
      "points": [
        [
          638.8983050847459,
          84.83050847457625
        ],
        [
          631.271186440678,
          471.271186440678
        ],
        [
          252.45762711864407,
          398.3898305084746
        ],
        [
          160.08474576271186,
          57.71186440677963
        ]
      ],
      "group_id": null,
      "description": "",
      "shape_type": "polygon",
      "flags": {}
    }
  ],
  "imagePath": "1289.jpg",
  "imageData": null,
  "imageHeight": 540,
  "imageWidth": 960
}