{
  "version": "5.3.0",
  "flags": {},
  "shapes": [
    {
      "label": "back",
      "points": [
        [
          612.6271186440679,
          351.77966101694915
        ],
        [
          169.40677966101694,
          415.33898305084745
        ],
        [
          127.88135593220338,
          82.28813559322032
        ],
        [
          519.406779661017,
          50.932203389830484
        ]
      ],
      "group_id": null,
      "description": "",
      "shape_type": "polygon",
      "flags": {}
    }
  ],
  "imagePath": "1331.jpg",
  "imageData": null,
  "imageHeight": 540,
  "imageWidth": 960
}