{
  "version": "5.3.0",
  "flags": {},
  "shapes": [
    {
      "label": "back",
      "points": [
        [
          819.406779661017,
          479.74576271186436
        ],
        [
          343.9830508474576,
          477.2033898305085
        ],
        [
          343.135593220339,
          143.30508474576268
        ],
        [
          744.8305084745764,
          145.84745762711862
        ]
      ],
      "group_id": null,
      "description": "",
      "shape_type": "polygon",
      "flags": {}
    }
  ],
  "imagePath": "1410.jpg",
  "imageData": null,
  "imageHeight": 540,
  "imageWidth": 960
}