{
  "version": "5.3.0",
  "flags": {},
  "shapes": [
    {
      "label": "back",
      "points": [
        [
          439.7457627118644,
          516.1864406779661
        ],
        [
          910.0847457627119,
          433.9830508474576
        ],
        [
          815.1694915254238,
          62.79661016949151
        ],
        [
          396.52542372881356,
          50.08474576271184
        ]
      ],
      "group_id": null,
      "description": "",
      "shape_type": "polygon",
      "flags": {}
    }
  ],
  "imagePath": "1489.jpg",
  "imageData": null,
  "imageHeight": 540,
  "imageWidth": 960
}