{
  "version": "5.3.0",
  "flags": {},
  "shapes": [
    {
      "label": "back",
      "points": [
        [
          601.6101694915255,
          407.7118644067796
        ],
        [
          492.2881355932203,
          93.30508474576268
        ],
        [
          10.084745762711846,
          206.86440677966098
        ],
        [
          194.32281019536808,
          539.0
        ]
      ],
      "group_id": null,
      "description": "",
      "shape_type": "polygon",
      "flags": {}
    }
  ],
  "imagePath": "1619.jpg",
  "imageData": null,
  "imageHeight": 540,
  "imageWidth": 960
}