{
  "version": "5.3.0",
  "flags": {},
  "shapes": [
    {
      "label": "front",
      "points": [
        [
          304.1525423728813,
          127.20338983050846
        ],
        [
          261.77966101694915,
          483.13559322033893
        ],
        [
          746.5254237288136,
          413.64406779661016
        ],
        [
          694.8305084745764,
          82.28813559322032
        ]
      ],
      "group_id": null,
      "description": "",
      "shape_type": "polygon",
      "flags": {}
    }
  ],
  "imagePath": "34.jpg",
  "imageData": null,
  "imageHeight": 540,
  "imageWidth": 960
}