{
  "version": "5.3.0",
  "flags": {},
  "shapes": [
    {
      "label": "front",
      "points": [
        [
          444.8305084745763,
          277.20338983050846
        ],
        [
          79.57627118644066,
          454.32203389830505
        ],
        [
          16.864406779660996,
          147.5423728813559
        ],
        [
          340.59322033898303,
          22.96610169491523
        ]
      ],
      "group_id": null,
      "description": "",
      "shape_type": "polygon",
      "flags": {}
    }
  ],
  "imagePath": "669.jpg",
  "imageData": null,
  "imageHeight": 540,
  "imageWidth": 960
}