{
  "version": "5.3.0",
  "flags": {},
  "shapes": [
    {
      "label": "front",
      "points": [
        [
          115.16949152542371,
          82.28813559322032
        ],
        [
          617.7118644067797,
          71.27118644067795
        ],
        [
          635.5084745762713,
          480.5932203389831
        ],
        [
          21.94915254237286,
          525.5084745762712
        ]
      ],
      "group_id": null,
      "description": "",
      "shape_type": "polygon",
      "flags": {}
    }
  ],
  "imagePath": "70.jpg",
  "imageData": null,
  "imageHeight": 540,
  "imageWidth": 960
}