{
  "version": "5.3.0",
  "flags": {},
  "shapes": [
    {
      "label": "front",
      "points": [
        [
          96.52542372881354,
          64.4915254237288
        ],
        [
          601.6101694915255,
          56.86440677966099
        ],
        [
          618.5593220338984,
          466.1864406779661
        ],
        [
          5.847457627118626,
          508.5593220338983
        ]
      ],
      "group_id": null,
      "description": "",
      "shape_type": "polygon",
      "flags": {}
    }
  ],
  "imagePath": "71.jpg",
  "imageData": null,
  "imageHeight": 540,
  "imageWidth": 960
}