{
  "version": "5.3.0",
  "flags": {},
  "shapes": [
    {
      "label": "front",
      "points": [
        [
          186.3559322033898,
          70.42372881355931
        ],
        [
          871.1016949152544,
          63.64406779661015
        ],
        [
          733.8135593220339,
          503.4745762711864
        ],
        [
          233.81355932203388,
          484.8305084745763
        ]
      ],
      "group_id": null,
      "description": "",
      "shape_type": "polygon",
      "flags": {}
    }
  ],
  "imagePath": "929.jpg",
  "imageData": null,
  "imageHeight": 540,
  "imageWidth": 960
}