{
  "version": "5.3.0",
  "flags": {},
  "shapes": [
    {
      "label": "front",
      "points": [
        [
          56.31578947368426,
          1.05263157894737
        ],
        [
          1.5789473684211117,
          124.21052631578945
        ],
        [
          0.0,
          500.93220338983053
        ],
        [
          476.1864406779661,
          537.3728813559322
        ],
        [
          671.1290726817047,
          539.0
        ],
        [
          686.8421052631579,
          61.05263157894734
        ],
        [
          398.42105263157896,
          1.05263157894737
        ]
      ],
      "group_id": null,
      "description": "",
      "shape_type": "polygon",
      "flags": {}
    }
  ],
  "imagePath": "256.jpg",
  "imageData": null,
  "imageHeight": 540,
  "imageWidth": 960
}